Instrument,Expiry Date,Strike Price,Option Type,Instrument Key
NSE_INDEX|Nifty 50,2025-11-11,23300.0,Call,NSE_FO|39907
NSE_INDEX|Nifty 50,2025-11-11,23300.0,Put,NSE_FO|39908
NSE_INDEX|Nifty 50,2025-11-11,23350.0,Call,NSE_FO|39909
NSE_INDEX|Nifty 50,2025-11-11,23350.0,Put,NSE_FO|39910
NSE_INDEX|Nifty 50,2025-11-11,23400.0,Call,NSE_FO|39912
NSE_INDEX|Nifty 50,2025-11-11,23400.0,Put,NSE_FO|39913
NSE_INDEX|Nifty 50,2025-11-11,23450.0,Call,NSE_FO|39915
NSE_INDEX|Nifty 50,2025-11-11,23450.0,Put,NSE_FO|39916
NSE_INDEX|Nifty 50,2025-11-11,23500.0,Call,NSE_FO|39917
NSE_INDEX|Nifty 50,2025-11-11,23500.0,Put,NSE_FO|39918
NSE_INDEX|Nifty 50,2025-11-11,23550.0,Call,NSE_FO|39919
NSE_INDEX|Nifty 50,2025-11-11,23550.0,Put,NSE_FO|39920
NSE_INDEX|Nifty 50,2025-11-11,23600.0,Call,NSE_FO|39921
NSE_INDEX|Nifty 50,2025-11-11,23600.0,Put,NSE_FO|39922
NSE_INDEX|Nifty 50,2025-11-11,23650.0,Call,NSE_FO|39923
NSE_INDEX|Nifty 50,2025-11-11,23650.0,Put,NSE_FO|39924
NSE_INDEX|Nifty 50,2025-11-11,23700.0,Call,NSE_FO|39925
NSE_INDEX|Nifty 50,2025-11-11,23700.0,Put,NSE_FO|39926
NSE_INDEX|Nifty 50,2025-11-11,23750.0,Call,NSE_FO|39928
NSE_INDEX|Nifty 50,2025-11-11,23750.0,Put,NSE_FO|39929
NSE_INDEX|Nifty 50,2025-11-11,23800.0,Call,NSE_FO|39932
NSE_INDEX|Nifty 50,2025-11-11,23800.0,Put,NSE_FO|39933
NSE_INDEX|Nifty 50,2025-11-11,23850.0,Call,NSE_FO|39944
NSE_INDEX|Nifty 50,2025-11-11,23850.0,Put,NSE_FO|39945
NSE_INDEX|Nifty 50,2025-11-11,23900.0,Call,NSE_FO|39946
NSE_INDEX|Nifty 50,2025-11-11,23900.0,Put,NSE_FO|39947
NSE_INDEX|Nifty 50,2025-11-11,23950.0,Call,NSE_FO|39948
NSE_INDEX|Nifty 50,2025-11-11,23950.0,Put,NSE_FO|39949
NSE_INDEX|Nifty 50,2025-11-11,24000.0,Call,NSE_FO|39950
NSE_INDEX|Nifty 50,2025-11-11,24000.0,Put,NSE_FO|39951
NSE_INDEX|Nifty 50,2025-11-11,24050.0,Call,NSE_FO|39952
NSE_INDEX|Nifty 50,2025-11-11,24050.0,Put,NSE_FO|39954
NSE_INDEX|Nifty 50,2025-11-11,24100.0,Call,NSE_FO|39955
NSE_INDEX|Nifty 50,2025-11-11,24100.0,Put,NSE_FO|39956
NSE_INDEX|Nifty 50,2025-11-11,24150.0,Call,NSE_FO|39958
NSE_INDEX|Nifty 50,2025-11-11,24150.0,Put,NSE_FO|39960
NSE_INDEX|Nifty 50,2025-11-11,24200.0,Call,NSE_FO|39961
NSE_INDEX|Nifty 50,2025-11-11,24200.0,Put,NSE_FO|39962
NSE_INDEX|Nifty 50,2025-11-11,24250.0,Call,NSE_FO|39963
NSE_INDEX|Nifty 50,2025-11-11,24250.0,Put,NSE_FO|39964
NSE_INDEX|Nifty 50,2025-11-11,24300.0,Call,NSE_FO|39965
NSE_INDEX|Nifty 50,2025-11-11,24300.0,Put,NSE_FO|39966
NSE_INDEX|Nifty 50,2025-11-11,24350.0,Call,NSE_FO|39967
NSE_INDEX|Nifty 50,2025-11-11,24350.0,Put,NSE_FO|39968
NSE_INDEX|Nifty 50,2025-11-11,24400.0,Call,NSE_FO|39970
NSE_INDEX|Nifty 50,2025-11-11,24400.0,Put,NSE_FO|39971
NSE_INDEX|Nifty 50,2025-11-11,24450.0,Call,NSE_FO|39972
NSE_INDEX|Nifty 50,2025-11-11,24450.0,Put,NSE_FO|39975
NSE_INDEX|Nifty 50,2025-11-11,24500.0,Call,NSE_FO|39976
NSE_INDEX|Nifty 50,2025-11-11,24500.0,Put,NSE_FO|39979
NSE_INDEX|Nifty 50,2025-11-11,24550.0,Call,NSE_FO|39995
NSE_INDEX|Nifty 50,2025-11-11,24550.0,Put,NSE_FO|39996
NSE_INDEX|Nifty 50,2025-11-11,24600.0,Call,NSE_FO|39997
NSE_INDEX|Nifty 50,2025-11-11,24600.0,Put,NSE_FO|39998
NSE_INDEX|Nifty 50,2025-11-11,24650.0,Call,NSE_FO|40005
NSE_INDEX|Nifty 50,2025-11-11,24650.0,Put,NSE_FO|40006
NSE_INDEX|Nifty 50,2025-11-11,24700.0,Call,NSE_FO|40008
NSE_INDEX|Nifty 50,2025-11-11,24700.0,Put,NSE_FO|40009
NSE_INDEX|Nifty 50,2025-11-11,24750.0,Call,NSE_FO|40012
NSE_INDEX|Nifty 50,2025-11-11,24750.0,Put,NSE_FO|40013
NSE_INDEX|Nifty 50,2025-11-11,24800.0,Call,NSE_FO|40019
NSE_INDEX|Nifty 50,2025-11-11,24800.0,Put,NSE_FO|40020
NSE_INDEX|Nifty 50,2025-11-11,24850.0,Call,NSE_FO|40027
NSE_INDEX|Nifty 50,2025-11-11,24850.0,Put,NSE_FO|40028
NSE_INDEX|Nifty 50,2025-11-11,24900.0,Call,NSE_FO|40033
NSE_INDEX|Nifty 50,2025-11-11,24900.0,Put,NSE_FO|40034
NSE_INDEX|Nifty 50,2025-11-11,24950.0,Call,NSE_FO|40035
NSE_INDEX|Nifty 50,2025-11-11,24950.0,Put,NSE_FO|40036
NSE_INDEX|Nifty 50,2025-11-11,25000.0,Call,NSE_FO|40037
NSE_INDEX|Nifty 50,2025-11-11,25000.0,Put,NSE_FO|40038
NSE_INDEX|Nifty 50,2025-11-11,25050.0,Call,NSE_FO|40052
NSE_INDEX|Nifty 50,2025-11-11,25050.0,Put,NSE_FO|40053
NSE_INDEX|Nifty 50,2025-11-11,25100.0,Call,NSE_FO|40054
NSE_INDEX|Nifty 50,2025-11-11,25100.0,Put,NSE_FO|40058
NSE_INDEX|Nifty 50,2025-11-11,25150.0,Call,NSE_FO|40063
NSE_INDEX|Nifty 50,2025-11-11,25150.0,Put,NSE_FO|40064
NSE_INDEX|Nifty 50,2025-11-11,25200.0,Call,NSE_FO|40069
NSE_INDEX|Nifty 50,2025-11-11,25200.0,Put,NSE_FO|40070
NSE_INDEX|Nifty 50,2025-11-11,25250.0,Call,NSE_FO|40078
NSE_INDEX|Nifty 50,2025-11-11,25250.0,Put,NSE_FO|40079
NSE_INDEX|Nifty 50,2025-11-11,25300.0,Call,NSE_FO|40080
NSE_INDEX|Nifty 50,2025-11-11,25300.0,Put,NSE_FO|40082
NSE_INDEX|Nifty 50,2025-11-11,25350.0,Call,NSE_FO|40083
NSE_INDEX|Nifty 50,2025-11-11,25350.0,Put,NSE_FO|40085
NSE_INDEX|Nifty 50,2025-11-11,25400.0,Call,NSE_FO|40087
NSE_INDEX|Nifty 50,2025-11-11,25400.0,Put,NSE_FO|40088
NSE_INDEX|Nifty 50,2025-11-11,25450.0,Call,NSE_FO|40093
NSE_INDEX|Nifty 50,2025-11-11,25450.0,Put,NSE_FO|40094
NSE_INDEX|Nifty 50,2025-11-11,25500.0,Call,NSE_FO|40095
NSE_INDEX|Nifty 50,2025-11-11,25500.0,Put,NSE_FO|40096
NSE_INDEX|Nifty 50,2025-11-11,25550.0,Call,NSE_FO|40109
NSE_INDEX|Nifty 50,2025-11-11,25550.0,Put,NSE_FO|40112
NSE_INDEX|Nifty 50,2025-11-11,25600.0,Call,NSE_FO|40113
NSE_INDEX|Nifty 50,2025-11-11,25600.0,Put,NSE_FO|40114
NSE_INDEX|Nifty 50,2025-11-11,25650.0,Call,NSE_FO|40121
NSE_INDEX|Nifty 50,2025-11-11,25650.0,Put,NSE_FO|40122
NSE_INDEX|Nifty 50,2025-11-11,25700.0,Call,NSE_FO|40123
NSE_INDEX|Nifty 50,2025-11-11,25700.0,Put,NSE_FO|40124
NSE_INDEX|Nifty 50,2025-11-11,25750.0,Call,NSE_FO|40125
NSE_INDEX|Nifty 50,2025-11-11,25750.0,Put,NSE_FO|40126
NSE_INDEX|Nifty 50,2025-11-11,25800.0,Call,NSE_FO|40127
NSE_INDEX|Nifty 50,2025-11-11,25800.0,Put,NSE_FO|40128
NSE_INDEX|Nifty 50,2025-11-11,25850.0,Call,NSE_FO|40129
NSE_INDEX|Nifty 50,2025-11-11,25850.0,Put,NSE_FO|40130
NSE_INDEX|Nifty 50,2025-11-11,25900.0,Call,NSE_FO|40131
NSE_INDEX|Nifty 50,2025-11-11,25900.0,Put,NSE_FO|40132
NSE_INDEX|Nifty 50,2025-11-11,25950.0,Call,NSE_FO|40133
NSE_INDEX|Nifty 50,2025-11-11,25950.0,Put,NSE_FO|40134
NSE_INDEX|Nifty 50,2025-11-11,26000.0,Call,NSE_FO|40135
NSE_INDEX|Nifty 50,2025-11-11,26000.0,Put,NSE_FO|40136
NSE_INDEX|Nifty 50,2025-11-11,26050.0,Call,NSE_FO|40137
NSE_INDEX|Nifty 50,2025-11-11,26050.0,Put,NSE_FO|40138
NSE_INDEX|Nifty 50,2025-11-11,26100.0,Call,NSE_FO|40139
NSE_INDEX|Nifty 50,2025-11-11,26100.0,Put,NSE_FO|40143
NSE_INDEX|Nifty 50,2025-11-11,26150.0,Call,NSE_FO|40149
NSE_INDEX|Nifty 50,2025-11-11,26150.0,Put,NSE_FO|40150
NSE_INDEX|Nifty 50,2025-11-11,26200.0,Call,NSE_FO|40151
NSE_INDEX|Nifty 50,2025-11-11,26200.0,Put,NSE_FO|40152
NSE_INDEX|Nifty 50,2025-11-11,26250.0,Call,NSE_FO|40153
NSE_INDEX|Nifty 50,2025-11-11,26250.0,Put,NSE_FO|40156
NSE_INDEX|Nifty 50,2025-11-11,26300.0,Call,NSE_FO|40157
NSE_INDEX|Nifty 50,2025-11-11,26300.0,Put,NSE_FO|40158
NSE_INDEX|Nifty 50,2025-11-11,26350.0,Call,NSE_FO|40159
NSE_INDEX|Nifty 50,2025-11-11,26350.0,Put,NSE_FO|40161
NSE_INDEX|Nifty 50,2025-11-11,26400.0,Call,NSE_FO|40164
NSE_INDEX|Nifty 50,2025-11-11,26400.0,Put,NSE_FO|40165
NSE_INDEX|Nifty 50,2025-11-11,26450.0,Call,NSE_FO|40166
NSE_INDEX|Nifty 50,2025-11-11,26450.0,Put,NSE_FO|40167
NSE_INDEX|Nifty 50,2025-11-11,26500.0,Call,NSE_FO|40170
NSE_INDEX|Nifty 50,2025-11-11,26500.0,Put,NSE_FO|40171
NSE_INDEX|Nifty 50,2025-11-11,26550.0,Call,NSE_FO|40172
NSE_INDEX|Nifty 50,2025-11-11,26550.0,Put,NSE_FO|40177
NSE_INDEX|Nifty 50,2025-11-11,26600.0,Call,NSE_FO|40178
NSE_INDEX|Nifty 50,2025-11-11,26600.0,Put,NSE_FO|40179
NSE_INDEX|Nifty 50,2025-11-11,26650.0,Call,NSE_FO|40182
NSE_INDEX|Nifty 50,2025-11-11,26650.0,Put,NSE_FO|40183
NSE_INDEX|Nifty 50,2025-11-11,26700.0,Call,NSE_FO|40184
NSE_INDEX|Nifty 50,2025-11-11,26700.0,Put,NSE_FO|40185
NSE_INDEX|Nifty 50,2025-11-11,26750.0,Call,NSE_FO|40190
NSE_INDEX|Nifty 50,2025-11-11,26750.0,Put,NSE_FO|40191
NSE_INDEX|Nifty 50,2025-11-11,26800.0,Call,NSE_FO|40194
NSE_INDEX|Nifty 50,2025-11-11,26800.0,Put,NSE_FO|40196
NSE_INDEX|Nifty 50,2025-11-11,26850.0,Call,NSE_FO|40197
NSE_INDEX|Nifty 50,2025-11-11,26850.0,Put,NSE_FO|40202
NSE_INDEX|Nifty 50,2025-11-11,26900.0,Call,NSE_FO|40203
NSE_INDEX|Nifty 50,2025-11-11,26900.0,Put,NSE_FO|40204
NSE_INDEX|Nifty 50,2025-11-11,26950.0,Call,NSE_FO|40205
NSE_INDEX|Nifty 50,2025-11-11,26950.0,Put,NSE_FO|40206
NSE_INDEX|Nifty 50,2025-11-11,27000.0,Call,NSE_FO|40208
NSE_INDEX|Nifty 50,2025-11-11,27000.0,Put,NSE_FO|40213
NSE_INDEX|Nifty 50,2025-11-11,27050.0,Call,NSE_FO|40214
NSE_INDEX|Nifty 50,2025-11-11,27050.0,Put,NSE_FO|40215
NSE_INDEX|Nifty 50,2025-11-11,27100.0,Call,NSE_FO|40223
NSE_INDEX|Nifty 50,2025-11-11,27100.0,Put,NSE_FO|40224
NSE_INDEX|Nifty 50,2025-11-11,27150.0,Call,NSE_FO|40227
NSE_INDEX|Nifty 50,2025-11-11,27150.0,Put,NSE_FO|40228
NSE_INDEX|Nifty 50,2025-11-11,27200.0,Call,NSE_FO|40229
NSE_INDEX|Nifty 50,2025-11-11,27200.0,Put,NSE_FO|40230
NSE_INDEX|Nifty 50,2025-11-11,27250.0,Call,NSE_FO|40241
NSE_INDEX|Nifty 50,2025-11-11,27250.0,Put,NSE_FO|40242
NSE_INDEX|Nifty 50,2025-11-11,27300.0,Call,NSE_FO|40243
NSE_INDEX|Nifty 50,2025-11-11,27300.0,Put,NSE_FO|40244
NSE_INDEX|Nifty 50,2025-11-11,27350.0,Call,NSE_FO|40245
NSE_INDEX|Nifty 50,2025-11-11,27350.0,Put,NSE_FO|40246
NSE_INDEX|Nifty 50,2025-11-11,27400.0,Call,NSE_FO|40247
NSE_INDEX|Nifty 50,2025-11-11,27400.0,Put,NSE_FO|40248
NSE_INDEX|Nifty 50,2025-11-11,27450.0,Call,NSE_FO|40251
NSE_INDEX|Nifty 50,2025-11-11,27450.0,Put,NSE_FO|40252
NSE_INDEX|Nifty 50,2025-11-11,27500.0,Call,NSE_FO|40255
NSE_INDEX|Nifty 50,2025-11-11,27500.0,Put,NSE_FO|40256
NSE_INDEX|Nifty 50,2025-11-11,27550.0,Call,NSE_FO|40257
NSE_INDEX|Nifty 50,2025-11-11,27550.0,Put,NSE_FO|40258
NSE_INDEX|Nifty 50,2025-11-11,27600.0,Call,NSE_FO|40259
NSE_INDEX|Nifty 50,2025-11-11,27600.0,Put,NSE_FO|40260
NSE_INDEX|Nifty 50,2025-11-11,27650.0,Call,NSE_FO|40261
NSE_INDEX|Nifty 50,2025-11-11,27650.0,Put,NSE_FO|40262
NSE_INDEX|Nifty 50,2025-11-11,27700.0,Call,NSE_FO|40263
NSE_INDEX|Nifty 50,2025-11-11,27700.0,Put,NSE_FO|40264
NSE_INDEX|Nifty 50,2025-11-11,27750.0,Call,NSE_FO|40267
NSE_INDEX|Nifty 50,2025-11-11,27750.0,Put,NSE_FO|40268
NSE_INDEX|Nifty 50,2025-11-11,27800.0,Call,NSE_FO|40269
NSE_INDEX|Nifty 50,2025-11-11,27800.0,Put,NSE_FO|40270
NSE_INDEX|Nifty Bank,2025-11-25,46000.0,Call,NSE_FO|49622
NSE_INDEX|Nifty Bank,2025-11-25,46000.0,Put,NSE_FO|49623
NSE_INDEX|Nifty Bank,2025-11-25,46500.0,Call,NSE_FO|49646
NSE_INDEX|Nifty Bank,2025-11-25,46500.0,Put,NSE_FO|49648
NSE_INDEX|Nifty Bank,2025-11-25,47000.0,Call,NSE_FO|49666
NSE_INDEX|Nifty Bank,2025-11-25,47000.0,Put,NSE_FO|49667
NSE_INDEX|Nifty Bank,2025-11-25,47500.0,Call,NSE_FO|49683
NSE_INDEX|Nifty Bank,2025-11-25,47500.0,Put,NSE_FO|49684
NSE_INDEX|Nifty Bank,2025-11-25,48000.0,Call,NSE_FO|49702
NSE_INDEX|Nifty Bank,2025-11-25,48000.0,Put,NSE_FO|49703
NSE_INDEX|Nifty Bank,2025-11-25,48500.0,Call,NSE_FO|49718
NSE_INDEX|Nifty Bank,2025-11-25,48500.0,Put,NSE_FO|49719
NSE_INDEX|Nifty Bank,2025-11-25,48700.0,Call,NSE_FO|49722
NSE_INDEX|Nifty Bank,2025-11-25,48700.0,Put,NSE_FO|49731
NSE_INDEX|Nifty Bank,2025-11-25,48800.0,Call,NSE_FO|49732
NSE_INDEX|Nifty Bank,2025-11-25,48800.0,Put,NSE_FO|49735
NSE_INDEX|Nifty Bank,2025-11-25,48900.0,Call,NSE_FO|49736
NSE_INDEX|Nifty Bank,2025-11-25,48900.0,Put,NSE_FO|49737
NSE_INDEX|Nifty Bank,2025-11-25,49000.0,Call,NSE_FO|49738
NSE_INDEX|Nifty Bank,2025-11-25,49000.0,Put,NSE_FO|49739
NSE_INDEX|Nifty Bank,2025-11-25,49100.0,Call,NSE_FO|49740
NSE_INDEX|Nifty Bank,2025-11-25,49100.0,Put,NSE_FO|49745
NSE_INDEX|Nifty Bank,2025-11-25,49200.0,Call,NSE_FO|49746
NSE_INDEX|Nifty Bank,2025-11-25,49200.0,Put,NSE_FO|49747
NSE_INDEX|Nifty Bank,2025-11-25,49300.0,Call,NSE_FO|49748
NSE_INDEX|Nifty Bank,2025-11-25,49300.0,Put,NSE_FO|49749
NSE_INDEX|Nifty Bank,2025-11-25,49400.0,Call,NSE_FO|49751
NSE_INDEX|Nifty Bank,2025-11-25,49400.0,Put,NSE_FO|49752
NSE_INDEX|Nifty Bank,2025-11-25,49500.0,Call,NSE_FO|49753
NSE_INDEX|Nifty Bank,2025-11-25,49500.0,Put,NSE_FO|49754
NSE_INDEX|Nifty Bank,2025-11-25,49600.0,Call,NSE_FO|49755
NSE_INDEX|Nifty Bank,2025-11-25,49600.0,Put,NSE_FO|49756
NSE_INDEX|Nifty Bank,2025-11-25,49700.0,Call,NSE_FO|49757
NSE_INDEX|Nifty Bank,2025-11-25,49700.0,Put,NSE_FO|49758
NSE_INDEX|Nifty Bank,2025-11-25,49800.0,Call,NSE_FO|49761
NSE_INDEX|Nifty Bank,2025-11-25,49800.0,Put,NSE_FO|49762
NSE_INDEX|Nifty Bank,2025-11-25,49900.0,Call,NSE_FO|49763
NSE_INDEX|Nifty Bank,2025-11-25,49900.0,Put,NSE_FO|49764
NSE_INDEX|Nifty Bank,2025-11-25,50000.0,Call,NSE_FO|49765
NSE_INDEX|Nifty Bank,2025-11-25,50000.0,Put,NSE_FO|49766
NSE_INDEX|Nifty Bank,2025-11-25,50100.0,Call,NSE_FO|49767
NSE_INDEX|Nifty Bank,2025-11-25,50100.0,Put,NSE_FO|49768
NSE_INDEX|Nifty Bank,2025-11-25,50200.0,Call,NSE_FO|49769
NSE_INDEX|Nifty Bank,2025-11-25,50200.0,Put,NSE_FO|49770
NSE_INDEX|Nifty Bank,2025-11-25,50300.0,Call,NSE_FO|49771
NSE_INDEX|Nifty Bank,2025-11-25,50300.0,Put,NSE_FO|49772
NSE_INDEX|Nifty Bank,2025-11-25,50400.0,Call,NSE_FO|49774
NSE_INDEX|Nifty Bank,2025-11-25,50400.0,Put,NSE_FO|49775
NSE_INDEX|Nifty Bank,2025-11-25,50500.0,Call,NSE_FO|49777
NSE_INDEX|Nifty Bank,2025-11-25,50500.0,Put,NSE_FO|49778
NSE_INDEX|Nifty Bank,2025-11-25,50600.0,Call,NSE_FO|49779
NSE_INDEX|Nifty Bank,2025-11-25,50600.0,Put,NSE_FO|49780
NSE_INDEX|Nifty Bank,2025-11-25,50700.0,Call,NSE_FO|49781
NSE_INDEX|Nifty Bank,2025-11-25,50700.0,Put,NSE_FO|49782
NSE_INDEX|Nifty Bank,2025-11-25,50800.0,Call,NSE_FO|49783
NSE_INDEX|Nifty Bank,2025-11-25,50800.0,Put,NSE_FO|49784
NSE_INDEX|Nifty Bank,2025-11-25,50900.0,Call,NSE_FO|49785
NSE_INDEX|Nifty Bank,2025-11-25,50900.0,Put,NSE_FO|49786
NSE_INDEX|Nifty Bank,2025-11-25,51000.0,Call,NSE_FO|49787
NSE_INDEX|Nifty Bank,2025-11-25,51000.0,Put,NSE_FO|49788
NSE_INDEX|Nifty Bank,2025-11-25,51100.0,Call,NSE_FO|49789
NSE_INDEX|Nifty Bank,2025-11-25,51100.0,Put,NSE_FO|49790
NSE_INDEX|Nifty Bank,2025-11-25,51200.0,Call,NSE_FO|49791
NSE_INDEX|Nifty Bank,2025-11-25,51200.0,Put,NSE_FO|49792
NSE_INDEX|Nifty Bank,2025-11-25,51300.0,Call,NSE_FO|49793
NSE_INDEX|Nifty Bank,2025-11-25,51300.0,Put,NSE_FO|49794
NSE_INDEX|Nifty Bank,2025-11-25,51400.0,Call,NSE_FO|49795
NSE_INDEX|Nifty Bank,2025-11-25,51400.0,Put,NSE_FO|49796
NSE_INDEX|Nifty Bank,2025-11-25,51500.0,Call,NSE_FO|49799
NSE_INDEX|Nifty Bank,2025-11-25,51500.0,Put,NSE_FO|49800
NSE_INDEX|Nifty Bank,2025-11-25,51600.0,Call,NSE_FO|49801
NSE_INDEX|Nifty Bank,2025-11-25,51600.0,Put,NSE_FO|49802
NSE_INDEX|Nifty Bank,2025-11-25,51700.0,Call,NSE_FO|49806
NSE_INDEX|Nifty Bank,2025-11-25,51700.0,Put,NSE_FO|49807
NSE_INDEX|Nifty Bank,2025-11-25,51800.0,Call,NSE_FO|49808
NSE_INDEX|Nifty Bank,2025-11-25,51800.0,Put,NSE_FO|49816
NSE_INDEX|Nifty Bank,2025-11-25,51900.0,Call,NSE_FO|49818
NSE_INDEX|Nifty Bank,2025-11-25,51900.0,Put,NSE_FO|49819
NSE_INDEX|Nifty Bank,2025-11-25,52000.0,Call,NSE_FO|49820
NSE_INDEX|Nifty Bank,2025-11-25,52000.0,Put,NSE_FO|49821
NSE_INDEX|Nifty Bank,2025-11-25,52100.0,Call,NSE_FO|49823
NSE_INDEX|Nifty Bank,2025-11-25,52100.0,Put,NSE_FO|49824
NSE_INDEX|Nifty Bank,2025-11-25,52200.0,Call,NSE_FO|49833
NSE_INDEX|Nifty Bank,2025-11-25,52200.0,Put,NSE_FO|49834
NSE_INDEX|Nifty Bank,2025-11-25,52300.0,Call,NSE_FO|49835
NSE_INDEX|Nifty Bank,2025-11-25,52300.0,Put,NSE_FO|49836
NSE_INDEX|Nifty Bank,2025-11-25,52400.0,Call,NSE_FO|49838
NSE_INDEX|Nifty Bank,2025-11-25,52400.0,Put,NSE_FO|49839
NSE_INDEX|Nifty Bank,2025-11-25,52500.0,Call,NSE_FO|49841
NSE_INDEX|Nifty Bank,2025-11-25,52500.0,Put,NSE_FO|49842
NSE_INDEX|Nifty Bank,2025-11-25,52600.0,Call,NSE_FO|49843
NSE_INDEX|Nifty Bank,2025-11-25,52600.0,Put,NSE_FO|49844
NSE_INDEX|Nifty Bank,2025-11-25,52700.0,Call,NSE_FO|49845
NSE_INDEX|Nifty Bank,2025-11-25,52700.0,Put,NSE_FO|49846
NSE_INDEX|Nifty Bank,2025-11-25,52800.0,Call,NSE_FO|49847
NSE_INDEX|Nifty Bank,2025-11-25,52800.0,Put,NSE_FO|49848
NSE_INDEX|Nifty Bank,2025-11-25,52900.0,Call,NSE_FO|49854
NSE_INDEX|Nifty Bank,2025-11-25,52900.0,Put,NSE_FO|49855
NSE_INDEX|Nifty Bank,2025-11-25,53000.0,Call,NSE_FO|49856
NSE_INDEX|Nifty Bank,2025-11-25,53000.0,Put,NSE_FO|49857
NSE_INDEX|Nifty Bank,2025-11-25,53100.0,Call,NSE_FO|49864
NSE_INDEX|Nifty Bank,2025-11-25,53100.0,Put,NSE_FO|49865
NSE_INDEX|Nifty Bank,2025-11-25,53200.0,Call,NSE_FO|49868
NSE_INDEX|Nifty Bank,2025-11-25,53200.0,Put,NSE_FO|49869
NSE_INDEX|Nifty Bank,2025-11-25,53300.0,Call,NSE_FO|49873
NSE_INDEX|Nifty Bank,2025-11-25,53300.0,Put,NSE_FO|49874
NSE_INDEX|Nifty Bank,2025-11-25,53400.0,Call,NSE_FO|49875
NSE_INDEX|Nifty Bank,2025-11-25,53400.0,Put,NSE_FO|49876
NSE_INDEX|Nifty Bank,2025-11-25,53500.0,Call,NSE_FO|49877
NSE_INDEX|Nifty Bank,2025-11-25,53500.0,Put,NSE_FO|49878
NSE_INDEX|Nifty Bank,2025-11-25,53600.0,Call,NSE_FO|49879
NSE_INDEX|Nifty Bank,2025-11-25,53600.0,Put,NSE_FO|49880
NSE_INDEX|Nifty Bank,2025-11-25,53700.0,Call,NSE_FO|49881
NSE_INDEX|Nifty Bank,2025-11-25,53700.0,Put,NSE_FO|49882
NSE_INDEX|Nifty Bank,2025-11-25,53800.0,Call,NSE_FO|49883
NSE_INDEX|Nifty Bank,2025-11-25,53800.0,Put,NSE_FO|49884
NSE_INDEX|Nifty Bank,2025-11-25,53900.0,Call,NSE_FO|49885
NSE_INDEX|Nifty Bank,2025-11-25,53900.0,Put,NSE_FO|49886
NSE_INDEX|Nifty Bank,2025-11-25,54000.0,Call,NSE_FO|49887
NSE_INDEX|Nifty Bank,2025-11-25,54000.0,Put,NSE_FO|49888
NSE_INDEX|Nifty Bank,2025-11-25,54100.0,Call,NSE_FO|49889
NSE_INDEX|Nifty Bank,2025-11-25,54100.0,Put,NSE_FO|49890
NSE_INDEX|Nifty Bank,2025-11-25,54200.0,Call,NSE_FO|49891
NSE_INDEX|Nifty Bank,2025-11-25,54200.0,Put,NSE_FO|49892
NSE_INDEX|Nifty Bank,2025-11-25,54300.0,Call,NSE_FO|49893
NSE_INDEX|Nifty Bank,2025-11-25,54300.0,Put,NSE_FO|49894
NSE_INDEX|Nifty Bank,2025-11-25,54400.0,Call,NSE_FO|49895
NSE_INDEX|Nifty Bank,2025-11-25,54400.0,Put,NSE_FO|49896
NSE_INDEX|Nifty Bank,2025-11-25,54500.0,Call,NSE_FO|49897
NSE_INDEX|Nifty Bank,2025-11-25,54500.0,Put,NSE_FO|49898
NSE_INDEX|Nifty Bank,2025-11-25,54600.0,Call,NSE_FO|49899
NSE_INDEX|Nifty Bank,2025-11-25,54600.0,Put,NSE_FO|49900
NSE_INDEX|Nifty Bank,2025-11-25,54700.0,Call,NSE_FO|49901
NSE_INDEX|Nifty Bank,2025-11-25,54700.0,Put,NSE_FO|49902
NSE_INDEX|Nifty Bank,2025-11-25,54800.0,Call,NSE_FO|49903
NSE_INDEX|Nifty Bank,2025-11-25,54800.0,Put,NSE_FO|49904
NSE_INDEX|Nifty Bank,2025-11-25,54900.0,Call,NSE_FO|49905
NSE_INDEX|Nifty Bank,2025-11-25,54900.0,Put,NSE_FO|49906
NSE_INDEX|Nifty Bank,2025-11-25,55000.0,Call,NSE_FO|49907
NSE_INDEX|Nifty Bank,2025-11-25,55000.0,Put,NSE_FO|49908
NSE_INDEX|Nifty Bank,2025-11-25,55100.0,Call,NSE_FO|49909
NSE_INDEX|Nifty Bank,2025-11-25,55100.0,Put,NSE_FO|49917
NSE_INDEX|Nifty Bank,2025-11-25,55200.0,Call,NSE_FO|49918
NSE_INDEX|Nifty Bank,2025-11-25,55200.0,Put,NSE_FO|49925
NSE_INDEX|Nifty Bank,2025-11-25,55300.0,Call,NSE_FO|49926
NSE_INDEX|Nifty Bank,2025-11-25,55300.0,Put,NSE_FO|49934
NSE_INDEX|Nifty Bank,2025-11-25,55400.0,Call,NSE_FO|49935
NSE_INDEX|Nifty Bank,2025-11-25,55400.0,Put,NSE_FO|49939
NSE_INDEX|Nifty Bank,2025-11-25,55500.0,Call,NSE_FO|49940
NSE_INDEX|Nifty Bank,2025-11-25,55500.0,Put,NSE_FO|49947
NSE_INDEX|Nifty Bank,2025-11-25,55600.0,Call,NSE_FO|49952
NSE_INDEX|Nifty Bank,2025-11-25,55600.0,Put,NSE_FO|49957
NSE_INDEX|Nifty Bank,2025-11-25,55700.0,Call,NSE_FO|49958
NSE_INDEX|Nifty Bank,2025-11-25,55700.0,Put,NSE_FO|49968
NSE_INDEX|Nifty Bank,2025-11-25,55800.0,Call,NSE_FO|49969
NSE_INDEX|Nifty Bank,2025-11-25,55800.0,Put,NSE_FO|49998
NSE_INDEX|Nifty Bank,2025-11-25,55900.0,Call,NSE_FO|49999
NSE_INDEX|Nifty Bank,2025-11-25,55900.0,Put,NSE_FO|50002
NSE_INDEX|Nifty Bank,2025-11-25,56000.0,Call,NSE_FO|50003
NSE_INDEX|Nifty Bank,2025-11-25,56000.0,Put,NSE_FO|50007
NSE_INDEX|Nifty Bank,2025-11-25,56100.0,Call,NSE_FO|50009
NSE_INDEX|Nifty Bank,2025-11-25,56100.0,Put,NSE_FO|50010
NSE_INDEX|Nifty Bank,2025-11-25,56200.0,Call,NSE_FO|50012
NSE_INDEX|Nifty Bank,2025-11-25,56200.0,Put,NSE_FO|50018
NSE_INDEX|Nifty Bank,2025-11-25,56300.0,Call,NSE_FO|50019
NSE_INDEX|Nifty Bank,2025-11-25,56300.0,Put,NSE_FO|50020
NSE_INDEX|Nifty Bank,2025-11-25,56400.0,Call,NSE_FO|50021
NSE_INDEX|Nifty Bank,2025-11-25,56400.0,Put,NSE_FO|50022
NSE_INDEX|Nifty Bank,2025-11-25,56500.0,Call,NSE_FO|50023
NSE_INDEX|Nifty Bank,2025-11-25,56500.0,Put,NSE_FO|50024
NSE_INDEX|Nifty Bank,2025-11-25,56600.0,Call,NSE_FO|50025
NSE_INDEX|Nifty Bank,2025-11-25,56600.0,Put,NSE_FO|50026
NSE_INDEX|Nifty Bank,2025-11-25,56700.0,Call,NSE_FO|50027
NSE_INDEX|Nifty Bank,2025-11-25,56700.0,Put,NSE_FO|50028
NSE_INDEX|Nifty Bank,2025-11-25,56800.0,Call,NSE_FO|50029
NSE_INDEX|Nifty Bank,2025-11-25,56800.0,Put,NSE_FO|50034
NSE_INDEX|Nifty Bank,2025-11-25,56900.0,Call,NSE_FO|50035
NSE_INDEX|Nifty Bank,2025-11-25,56900.0,Put,NSE_FO|50036
NSE_INDEX|Nifty Bank,2025-11-25,57000.0,Call,NSE_FO|50037
NSE_INDEX|Nifty Bank,2025-11-25,57000.0,Put,NSE_FO|50038
NSE_INDEX|Nifty Bank,2025-11-25,57100.0,Call,NSE_FO|50039
NSE_INDEX|Nifty Bank,2025-11-25,57100.0,Put,NSE_FO|50040
NSE_INDEX|Nifty Bank,2025-11-25,57200.0,Call,NSE_FO|50041
NSE_INDEX|Nifty Bank,2025-11-25,57200.0,Put,NSE_FO|50042
NSE_INDEX|Nifty Bank,2025-11-25,57300.0,Call,NSE_FO|50043
NSE_INDEX|Nifty Bank,2025-11-25,57300.0,Put,NSE_FO|50044
NSE_INDEX|Nifty Bank,2025-11-25,57400.0,Call,NSE_FO|50045
NSE_INDEX|Nifty Bank,2025-11-25,57400.0,Put,NSE_FO|50046
NSE_INDEX|Nifty Bank,2025-11-25,57500.0,Call,NSE_FO|50047
NSE_INDEX|Nifty Bank,2025-11-25,57500.0,Put,NSE_FO|50048
NSE_INDEX|Nifty Bank,2025-11-25,57600.0,Call,NSE_FO|50049
NSE_INDEX|Nifty Bank,2025-11-25,57600.0,Put,NSE_FO|50050
NSE_INDEX|Nifty Bank,2025-11-25,57700.0,Call,NSE_FO|50051
NSE_INDEX|Nifty Bank,2025-11-25,57700.0,Put,NSE_FO|50052
NSE_INDEX|Nifty Bank,2025-11-25,57800.0,Call,NSE_FO|50053
NSE_INDEX|Nifty Bank,2025-11-25,57800.0,Put,NSE_FO|50054
NSE_INDEX|Nifty Bank,2025-11-25,57900.0,Call,NSE_FO|50055
NSE_INDEX|Nifty Bank,2025-11-25,57900.0,Put,NSE_FO|50056
NSE_INDEX|Nifty Bank,2025-11-25,58000.0,Call,NSE_FO|50057
NSE_INDEX|Nifty Bank,2025-11-25,58000.0,Put,NSE_FO|50058
NSE_INDEX|Nifty Bank,2025-11-25,58100.0,Call,NSE_FO|50059
NSE_INDEX|Nifty Bank,2025-11-25,58100.0,Put,NSE_FO|50060
NSE_INDEX|Nifty Bank,2025-11-25,58200.0,Call,NSE_FO|50061
NSE_INDEX|Nifty Bank,2025-11-25,58200.0,Put,NSE_FO|50062
NSE_INDEX|Nifty Bank,2025-11-25,58300.0,Call,NSE_FO|50067
NSE_INDEX|Nifty Bank,2025-11-25,58300.0,Put,NSE_FO|50070
NSE_INDEX|Nifty Bank,2025-11-25,58400.0,Call,NSE_FO|50071
NSE_INDEX|Nifty Bank,2025-11-25,58400.0,Put,NSE_FO|50072
NSE_INDEX|Nifty Bank,2025-11-25,58500.0,Call,NSE_FO|50073
NSE_INDEX|Nifty Bank,2025-11-25,58500.0,Put,NSE_FO|50074
NSE_INDEX|Nifty Bank,2025-11-25,58600.0,Call,NSE_FO|50075
NSE_INDEX|Nifty Bank,2025-11-25,58600.0,Put,NSE_FO|50082
NSE_INDEX|Nifty Bank,2025-11-25,58700.0,Call,NSE_FO|50083
NSE_INDEX|Nifty Bank,2025-11-25,58700.0,Put,NSE_FO|50086
NSE_INDEX|Nifty Bank,2025-11-25,58800.0,Call,NSE_FO|50087
NSE_INDEX|Nifty Bank,2025-11-25,58800.0,Put,NSE_FO|50088
NSE_INDEX|Nifty Bank,2025-11-25,58900.0,Call,NSE_FO|50089
NSE_INDEX|Nifty Bank,2025-11-25,58900.0,Put,NSE_FO|50090
NSE_INDEX|Nifty Bank,2025-11-25,59000.0,Call,NSE_FO|50091
NSE_INDEX|Nifty Bank,2025-11-25,59000.0,Put,NSE_FO|50092
NSE_INDEX|Nifty Bank,2025-11-25,59100.0,Call,NSE_FO|50093
NSE_INDEX|Nifty Bank,2025-11-25,59100.0,Put,NSE_FO|50094
NSE_INDEX|Nifty Bank,2025-11-25,59200.0,Call,NSE_FO|50095
NSE_INDEX|Nifty Bank,2025-11-25,59200.0,Put,NSE_FO|50096
NSE_INDEX|Nifty Bank,2025-11-25,59300.0,Call,NSE_FO|50097
NSE_INDEX|Nifty Bank,2025-11-25,59300.0,Put,NSE_FO|50098
NSE_INDEX|Nifty Bank,2025-11-25,59400.0,Call,NSE_FO|50099
NSE_INDEX|Nifty Bank,2025-11-25,59400.0,Put,NSE_FO|50100
NSE_INDEX|Nifty Bank,2025-11-25,59500.0,Call,NSE_FO|50101
NSE_INDEX|Nifty Bank,2025-11-25,59500.0,Put,NSE_FO|50102
NSE_INDEX|Nifty Bank,2025-11-25,59600.0,Call,NSE_FO|50105
NSE_INDEX|Nifty Bank,2025-11-25,59600.0,Put,NSE_FO|50106
NSE_INDEX|Nifty Bank,2025-11-25,59700.0,Call,NSE_FO|50107
NSE_INDEX|Nifty Bank,2025-11-25,59700.0,Put,NSE_FO|50108
NSE_INDEX|Nifty Bank,2025-11-25,59800.0,Call,NSE_FO|50111
NSE_INDEX|Nifty Bank,2025-11-25,59800.0,Put,NSE_FO|50112
NSE_INDEX|Nifty Bank,2025-11-25,59900.0,Call,NSE_FO|50113
NSE_INDEX|Nifty Bank,2025-11-25,59900.0,Put,NSE_FO|50114
NSE_INDEX|Nifty Bank,2025-11-25,60000.0,Call,NSE_FO|50116
NSE_INDEX|Nifty Bank,2025-11-25,60000.0,Put,NSE_FO|50117
NSE_INDEX|Nifty Bank,2025-11-25,60100.0,Call,NSE_FO|50119
NSE_INDEX|Nifty Bank,2025-11-25,60100.0,Put,NSE_FO|50121
NSE_INDEX|Nifty Bank,2025-11-25,60200.0,Call,NSE_FO|50122
NSE_INDEX|Nifty Bank,2025-11-25,60200.0,Put,NSE_FO|50127
NSE_INDEX|Nifty Bank,2025-11-25,60300.0,Call,NSE_FO|50128
NSE_INDEX|Nifty Bank,2025-11-25,60300.0,Put,NSE_FO|50129
NSE_INDEX|Nifty Bank,2025-11-25,60400.0,Call,NSE_FO|50132
NSE_INDEX|Nifty Bank,2025-11-25,60400.0,Put,NSE_FO|50135
NSE_INDEX|Nifty Bank,2025-11-25,60500.0,Call,NSE_FO|50136
NSE_INDEX|Nifty Bank,2025-11-25,60500.0,Put,NSE_FO|50138
NSE_INDEX|Nifty Bank,2025-11-25,60600.0,Call,NSE_FO|50139
NSE_INDEX|Nifty Bank,2025-11-25,60600.0,Put,NSE_FO|50141
NSE_INDEX|Nifty Bank,2025-11-25,60700.0,Call,NSE_FO|50142
NSE_INDEX|Nifty Bank,2025-11-25,60700.0,Put,NSE_FO|50143
NSE_INDEX|Nifty Bank,2025-11-25,60800.0,Call,NSE_FO|50145
NSE_INDEX|Nifty Bank,2025-11-25,60800.0,Put,NSE_FO|50146
NSE_INDEX|Nifty Bank,2025-11-25,60900.0,Call,NSE_FO|50151
NSE_INDEX|Nifty Bank,2025-11-25,60900.0,Put,NSE_FO|50152
NSE_INDEX|Nifty Bank,2025-11-25,61000.0,Call,NSE_FO|50153
NSE_INDEX|Nifty Bank,2025-11-25,61000.0,Put,NSE_FO|50154
NSE_INDEX|Nifty Bank,2025-11-25,61100.0,Call,NSE_FO|50155
NSE_INDEX|Nifty Bank,2025-11-25,61100.0,Put,NSE_FO|50156
NSE_INDEX|Nifty Bank,2025-11-25,61200.0,Call,NSE_FO|50157
NSE_INDEX|Nifty Bank,2025-11-25,61200.0,Put,NSE_FO|50158
NSE_INDEX|Nifty Bank,2025-11-25,61300.0,Call,NSE_FO|50159
NSE_INDEX|Nifty Bank,2025-11-25,61300.0,Put,NSE_FO|50160
NSE_INDEX|Nifty Bank,2025-11-25,61400.0,Call,NSE_FO|50161
NSE_INDEX|Nifty Bank,2025-11-25,61400.0,Put,NSE_FO|50162
NSE_INDEX|Nifty Bank,2025-11-25,61500.0,Call,NSE_FO|50163
NSE_INDEX|Nifty Bank,2025-11-25,61500.0,Put,NSE_FO|50164
NSE_INDEX|Nifty Bank,2025-11-25,61600.0,Call,NSE_FO|50165
NSE_INDEX|Nifty Bank,2025-11-25,61600.0,Put,NSE_FO|50176
NSE_INDEX|Nifty Bank,2025-11-25,61700.0,Call,NSE_FO|50177
NSE_INDEX|Nifty Bank,2025-11-25,61700.0,Put,NSE_FO|50180
NSE_INDEX|Nifty Bank,2025-11-25,61800.0,Call,NSE_FO|50181
NSE_INDEX|Nifty Bank,2025-11-25,61800.0,Put,NSE_FO|50182
NSE_INDEX|Nifty Bank,2025-11-25,61900.0,Call,NSE_FO|50184
NSE_INDEX|Nifty Bank,2025-11-25,61900.0,Put,NSE_FO|50188
NSE_INDEX|Nifty Bank,2025-11-25,62000.0,Call,NSE_FO|50189
NSE_INDEX|Nifty Bank,2025-11-25,62000.0,Put,NSE_FO|50192
NSE_INDEX|Nifty Bank,2025-11-25,62100.0,Call,NSE_FO|50193
NSE_INDEX|Nifty Bank,2025-11-25,62100.0,Put,NSE_FO|50194
NSE_INDEX|Nifty Bank,2025-11-25,62200.0,Call,NSE_FO|50195
NSE_INDEX|Nifty Bank,2025-11-25,62200.0,Put,NSE_FO|50198
NSE_INDEX|Nifty Bank,2025-11-25,62300.0,Call,NSE_FO|50199
NSE_INDEX|Nifty Bank,2025-11-25,62300.0,Put,NSE_FO|50204
NSE_INDEX|Nifty Bank,2025-11-25,62400.0,Call,NSE_FO|50205
NSE_INDEX|Nifty Bank,2025-11-25,62400.0,Put,NSE_FO|50206
NSE_INDEX|Nifty Bank,2025-11-25,62500.0,Call,NSE_FO|50207
NSE_INDEX|Nifty Bank,2025-11-25,62500.0,Put,NSE_FO|50208
NSE_INDEX|Nifty Bank,2025-11-25,62600.0,Call,NSE_FO|50209
NSE_INDEX|Nifty Bank,2025-11-25,62600.0,Put,NSE_FO|50210
NSE_INDEX|Nifty Bank,2025-11-25,62700.0,Call,NSE_FO|50211
NSE_INDEX|Nifty Bank,2025-11-25,62700.0,Put,NSE_FO|50214
NSE_INDEX|Nifty Bank,2025-11-25,62800.0,Call,NSE_FO|50215
NSE_INDEX|Nifty Bank,2025-11-25,62800.0,Put,NSE_FO|50216
NSE_INDEX|Nifty Bank,2025-11-25,62900.0,Call,NSE_FO|50217
NSE_INDEX|Nifty Bank,2025-11-25,62900.0,Put,NSE_FO|50218
NSE_INDEX|Nifty Bank,2025-11-25,63000.0,Call,NSE_FO|50219
NSE_INDEX|Nifty Bank,2025-11-25,63000.0,Put,NSE_FO|50220
NSE_INDEX|Nifty Bank,2025-11-25,63100.0,Call,NSE_FO|50221
NSE_INDEX|Nifty Bank,2025-11-25,63100.0,Put,NSE_FO|50230
NSE_INDEX|Nifty Bank,2025-11-25,63200.0,Call,NSE_FO|50231
NSE_INDEX|Nifty Bank,2025-11-25,63200.0,Put,NSE_FO|50232
NSE_INDEX|Nifty Bank,2025-11-25,63300.0,Call,NSE_FO|50233
NSE_INDEX|Nifty Bank,2025-11-25,63300.0,Put,NSE_FO|50237
NSE_INDEX|Nifty Bank,2025-11-25,63400.0,Call,NSE_FO|50238
NSE_INDEX|Nifty Bank,2025-11-25,63400.0,Put,NSE_FO|50240
NSE_INDEX|Nifty Bank,2025-11-25,63500.0,Call,NSE_FO|50241
NSE_INDEX|Nifty Bank,2025-11-25,63500.0,Put,NSE_FO|50253
NSE_INDEX|Nifty Bank,2025-11-25,64000.0,Call,NSE_FO|50269
NSE_INDEX|Nifty Bank,2025-11-25,64000.0,Put,NSE_FO|50271
NSE_INDEX|Nifty Bank,2025-11-25,64500.0,Call,NSE_FO|50287
NSE_INDEX|Nifty Bank,2025-11-25,64500.0,Put,NSE_FO|50288
NSE_INDEX|Nifty Bank,2025-11-25,65000.0,Call,NSE_FO|50304
NSE_INDEX|Nifty Bank,2025-11-25,65000.0,Put,NSE_FO|50311
NSE_INDEX|Nifty Bank,2025-11-25,65500.0,Call,NSE_FO|50321
NSE_INDEX|Nifty Bank,2025-11-25,65500.0,Put,NSE_FO|50322
NSE_INDEX|Nifty Bank,2025-11-25,66000.0,Call,NSE_FO|50331
NSE_INDEX|Nifty Bank,2025-11-25,66000.0,Put,NSE_FO|50332
BSE_INDEX|SENSEX,2025-11-06,72800.0,Call,BSE_FO|1125618
BSE_INDEX|SENSEX,2025-11-06,72800.0,Put,BSE_FO|1125261
BSE_INDEX|SENSEX,2025-11-06,72900.0,Call,BSE_FO|1117292
BSE_INDEX|SENSEX,2025-11-06,72900.0,Put,BSE_FO|1117797
BSE_INDEX|SENSEX,2025-11-06,73000.0,Call,BSE_FO|1117428
BSE_INDEX|SENSEX,2025-11-06,73000.0,Put,BSE_FO|1117938
BSE_INDEX|SENSEX,2025-11-06,73100.0,Call,BSE_FO|1117297
BSE_INDEX|SENSEX,2025-11-06,73100.0,Put,BSE_FO|1117252
BSE_INDEX|SENSEX,2025-11-06,73200.0,Call,BSE_FO|1117640
BSE_INDEX|SENSEX,2025-11-06,73200.0,Put,BSE_FO|1117120
BSE_INDEX|SENSEX,2025-11-06,73300.0,Call,BSE_FO|1117970
BSE_INDEX|SENSEX,2025-11-06,73300.0,Put,BSE_FO|1117461
BSE_INDEX|SENSEX,2025-11-06,73400.0,Call,BSE_FO|1117829
BSE_INDEX|SENSEX,2025-11-06,73400.0,Put,BSE_FO|1117337
BSE_INDEX|SENSEX,2025-11-06,73500.0,Call,BSE_FO|1117144
BSE_INDEX|SENSEX,2025-11-06,73500.0,Put,BSE_FO|1117678
BSE_INDEX|SENSEX,2025-11-06,73600.0,Call,BSE_FO|1118051
BSE_INDEX|SENSEX,2025-11-06,73600.0,Put,BSE_FO|1118003
BSE_INDEX|SENSEX,2025-11-06,73700.0,Call,BSE_FO|1113719
BSE_INDEX|SENSEX,2025-11-06,73700.0,Put,BSE_FO|1115899
BSE_INDEX|SENSEX,2025-11-06,73800.0,Call,BSE_FO|1110815
BSE_INDEX|SENSEX,2025-11-06,73800.0,Put,BSE_FO|1113248
BSE_INDEX|SENSEX,2025-11-06,73900.0,Call,BSE_FO|1114482
BSE_INDEX|SENSEX,2025-11-06,73900.0,Put,BSE_FO|1101709
BSE_INDEX|SENSEX,2025-11-06,74000.0,Call,BSE_FO|1106741
BSE_INDEX|SENSEX,2025-11-06,74000.0,Put,BSE_FO|1111875
BSE_INDEX|SENSEX,2025-11-06,74100.0,Call,BSE_FO|1103247
BSE_INDEX|SENSEX,2025-11-06,74100.0,Put,BSE_FO|1106156
BSE_INDEX|SENSEX,2025-11-06,74200.0,Call,BSE_FO|1101490
BSE_INDEX|SENSEX,2025-11-06,74200.0,Put,BSE_FO|1101536
BSE_INDEX|SENSEX,2025-11-06,74300.0,Call,BSE_FO|1101377
BSE_INDEX|SENSEX,2025-11-06,74300.0,Put,BSE_FO|1101471
BSE_INDEX|SENSEX,2025-11-06,74400.0,Call,BSE_FO|1101511
BSE_INDEX|SENSEX,2025-11-06,74400.0,Put,BSE_FO|1101355
BSE_INDEX|SENSEX,2025-11-06,74500.0,Call,BSE_FO|1101403
BSE_INDEX|SENSEX,2025-11-06,74500.0,Put,BSE_FO|1101503
BSE_INDEX|SENSEX,2025-11-06,74600.0,Call,BSE_FO|1100486
BSE_INDEX|SENSEX,2025-11-06,74600.0,Put,BSE_FO|1100562
BSE_INDEX|SENSEX,2025-11-06,74700.0,Call,BSE_FO|1100223
BSE_INDEX|SENSEX,2025-11-06,74700.0,Put,BSE_FO|1100294
BSE_INDEX|SENSEX,2025-11-06,74800.0,Call,BSE_FO|1100128
BSE_INDEX|SENSEX,2025-11-06,74800.0,Put,BSE_FO|1100214
BSE_INDEX|SENSEX,2025-11-06,74900.0,Call,BSE_FO|1100253
BSE_INDEX|SENSEX,2025-11-06,74900.0,Put,BSE_FO|1100111
BSE_INDEX|SENSEX,2025-11-06,75000.0,Call,BSE_FO|1100448
BSE_INDEX|SENSEX,2025-11-06,75000.0,Put,BSE_FO|1100178
BSE_INDEX|SENSEX,2025-11-06,75100.0,Call,BSE_FO|1100033
BSE_INDEX|SENSEX,2025-11-06,75100.0,Put,BSE_FO|1100092
BSE_INDEX|SENSEX,2025-11-06,75200.0,Call,BSE_FO|889833
BSE_INDEX|SENSEX,2025-11-06,75200.0,Put,BSE_FO|1100027
BSE_INDEX|SENSEX,2025-11-06,75300.0,Call,BSE_FO|1100049
BSE_INDEX|SENSEX,2025-11-06,75300.0,Put,BSE_FO|889820
BSE_INDEX|SENSEX,2025-11-06,75400.0,Call,BSE_FO|889977
BSE_INDEX|SENSEX,2025-11-06,75400.0,Put,BSE_FO|1100043
BSE_INDEX|SENSEX,2025-11-06,75500.0,Call,BSE_FO|889663
BSE_INDEX|SENSEX,2025-11-06,75500.0,Put,BSE_FO|888746
BSE_INDEX|SENSEX,2025-11-06,75600.0,Call,BSE_FO|889362
BSE_INDEX|SENSEX,2025-11-06,75600.0,Put,BSE_FO|889623
BSE_INDEX|SENSEX,2025-11-06,75700.0,Call,BSE_FO|889732
BSE_INDEX|SENSEX,2025-11-06,75700.0,Put,BSE_FO|889296
BSE_INDEX|SENSEX,2025-11-06,75800.0,Call,BSE_FO|889460
BSE_INDEX|SENSEX,2025-11-06,75800.0,Put,BSE_FO|889705
BSE_INDEX|SENSEX,2025-11-06,75900.0,Call,BSE_FO|889128
BSE_INDEX|SENSEX,2025-11-06,75900.0,Put,BSE_FO|889409
BSE_INDEX|SENSEX,2025-11-06,76000.0,Call,BSE_FO|889282
BSE_INDEX|SENSEX,2025-11-06,76000.0,Put,BSE_FO|888907
BSE_INDEX|SENSEX,2025-11-06,76100.0,Call,BSE_FO|888988
BSE_INDEX|SENSEX,2025-11-06,76100.0,Put,BSE_FO|889255
BSE_INDEX|SENSEX,2025-11-06,76200.0,Call,BSE_FO|888751
BSE_INDEX|SENSEX,2025-11-06,76200.0,Put,BSE_FO|888949
BSE_INDEX|SENSEX,2025-11-06,76300.0,Call,BSE_FO|889052
BSE_INDEX|SENSEX,2025-11-06,76300.0,Put,BSE_FO|889337
BSE_INDEX|SENSEX,2025-11-06,76400.0,Call,BSE_FO|888803
BSE_INDEX|SENSEX,2025-11-06,76400.0,Put,BSE_FO|889016
BSE_INDEX|SENSEX,2025-11-06,76500.0,Call,BSE_FO|889156
BSE_INDEX|SENSEX,2025-11-06,76500.0,Put,BSE_FO|888776
BSE_INDEX|SENSEX,2025-11-06,76600.0,Call,BSE_FO|888875
BSE_INDEX|SENSEX,2025-11-06,76600.0,Put,BSE_FO|889093
BSE_INDEX|SENSEX,2025-11-06,76700.0,Call,BSE_FO|889765
BSE_INDEX|SENSEX,2025-11-06,76700.0,Put,BSE_FO|888842
BSE_INDEX|SENSEX,2025-11-06,76800.0,Call,BSE_FO|888931
BSE_INDEX|SENSEX,2025-11-06,76800.0,Put,BSE_FO|889193
BSE_INDEX|SENSEX,2025-11-06,76900.0,Call,BSE_FO|888703
BSE_INDEX|SENSEX,2025-11-06,76900.0,Put,BSE_FO|888909
BSE_INDEX|SENSEX,2025-11-06,77000.0,Call,BSE_FO|889339
BSE_INDEX|SENSEX,2025-11-06,77000.0,Put,BSE_FO|889613
BSE_INDEX|SENSEX,2025-11-06,77100.0,Call,BSE_FO|889728
BSE_INDEX|SENSEX,2025-11-06,77100.0,Put,BSE_FO|888792
BSE_INDEX|SENSEX,2025-11-06,77200.0,Call,BSE_FO|889452
BSE_INDEX|SENSEX,2025-11-06,77200.0,Put,BSE_FO|889696
BSE_INDEX|SENSEX,2025-11-06,77300.0,Call,BSE_FO|889772
BSE_INDEX|SENSEX,2025-11-06,77300.0,Put,BSE_FO|889406
BSE_INDEX|SENSEX,2025-11-06,77400.0,Call,BSE_FO|889503
BSE_INDEX|SENSEX,2025-11-06,77400.0,Put,BSE_FO|889752
BSE_INDEX|SENSEX,2025-11-06,77500.0,Call,BSE_FO|889200
BSE_INDEX|SENSEX,2025-11-06,77500.0,Put,BSE_FO|889483
BSE_INDEX|SENSEX,2025-11-06,77600.0,Call,BSE_FO|889584
BSE_INDEX|SENSEX,2025-11-06,77600.0,Put,BSE_FO|888672
BSE_INDEX|SENSEX,2025-11-06,77700.0,Call,BSE_FO|889267
BSE_INDEX|SENSEX,2025-11-06,77700.0,Put,BSE_FO|889553
BSE_INDEX|SENSEX,2025-11-06,77800.0,Call,BSE_FO|889665
BSE_INDEX|SENSEX,2025-11-06,77800.0,Put,BSE_FO|888749
BSE_INDEX|SENSEX,2025-11-06,77900.0,Call,BSE_FO|889368
BSE_INDEX|SENSEX,2025-11-06,77900.0,Put,BSE_FO|889626
BSE_INDEX|SENSEX,2025-11-06,78000.0,Call,BSE_FO|888853
BSE_INDEX|SENSEX,2025-11-06,78000.0,Put,BSE_FO|889083
BSE_INDEX|SENSEX,2025-11-06,78100.0,Call,BSE_FO|889225
BSE_INDEX|SENSEX,2025-11-06,78100.0,Put,BSE_FO|888830
BSE_INDEX|SENSEX,2025-11-06,78200.0,Call,BSE_FO|888928
BSE_INDEX|SENSEX,2025-11-06,78200.0,Put,BSE_FO|889188
BSE_INDEX|SENSEX,2025-11-06,78300.0,Call,BSE_FO|888686
BSE_INDEX|SENSEX,2025-11-06,78300.0,Put,BSE_FO|888908
BSE_INDEX|SENSEX,2025-11-06,78400.0,Call,BSE_FO|888992
BSE_INDEX|SENSEX,2025-11-06,78400.0,Put,BSE_FO|889260
BSE_INDEX|SENSEX,2025-11-06,78500.0,Call,BSE_FO|888752
BSE_INDEX|SENSEX,2025-11-06,78500.0,Put,BSE_FO|888953
BSE_INDEX|SENSEX,2025-11-06,78600.0,Call,BSE_FO|889055
BSE_INDEX|SENSEX,2025-11-06,78600.0,Put,BSE_FO|888720
BSE_INDEX|SENSEX,2025-11-06,78700.0,Call,BSE_FO|888804
BSE_INDEX|SENSEX,2025-11-06,78700.0,Put,BSE_FO|889017
BSE_INDEX|SENSEX,2025-11-06,78800.0,Call,BSE_FO|889158
BSE_INDEX|SENSEX,2025-11-06,78800.0,Put,BSE_FO|888777
BSE_INDEX|SENSEX,2025-11-06,78900.0,Call,BSE_FO|888876
BSE_INDEX|SENSEX,2025-11-06,78900.0,Put,BSE_FO|889095
BSE_INDEX|SENSEX,2025-11-06,79000.0,Call,BSE_FO|889577
BSE_INDEX|SENSEX,2025-11-06,79000.0,Put,BSE_FO|889791
BSE_INDEX|SENSEX,2025-11-06,79100.0,Call,BSE_FO|889263
BSE_INDEX|SENSEX,2025-11-06,79100.0,Put,BSE_FO|889546
BSE_INDEX|SENSEX,2025-11-06,79200.0,Call,BSE_FO|889661
BSE_INDEX|SENSEX,2025-11-06,79200.0,Put,BSE_FO|888742
BSE_INDEX|SENSEX,2025-11-06,79300.0,Call,BSE_FO|889342
BSE_INDEX|SENSEX,2025-11-06,79300.0,Put,BSE_FO|889614
BSE_INDEX|SENSEX,2025-11-06,79400.0,Call,BSE_FO|889729
BSE_INDEX|SENSEX,2025-11-06,79400.0,Put,BSE_FO|889287
BSE_INDEX|SENSEX,2025-11-06,79500.0,Call,BSE_FO|889454
BSE_INDEX|SENSEX,2025-11-06,79500.0,Put,BSE_FO|889704
BSE_INDEX|SENSEX,2025-11-06,79600.0,Call,BSE_FO|889103
BSE_INDEX|SENSEX,2025-11-06,79600.0,Put,BSE_FO|889408
BSE_INDEX|SENSEX,2025-11-06,79700.0,Call,BSE_FO|889504
BSE_INDEX|SENSEX,2025-11-06,79700.0,Put,BSE_FO|889753
BSE_INDEX|SENSEX,2025-11-06,79800.0,Call,BSE_FO|889203
BSE_INDEX|SENSEX,2025-11-06,79800.0,Put,BSE_FO|889484
BSE_INDEX|SENSEX,2025-11-06,79900.0,Call,BSE_FO|889585
BSE_INDEX|SENSEX,2025-11-06,79900.0,Put,BSE_FO|888680
BSE_INDEX|SENSEX,2025-11-06,80000.0,Call,BSE_FO|889306
BSE_INDEX|SENSEX,2025-11-06,80000.0,Put,BSE_FO|889586
BSE_INDEX|SENSEX,2025-11-06,80100.0,Call,BSE_FO|889006
BSE_INDEX|SENSEX,2025-11-06,80100.0,Put,BSE_FO|889271
BSE_INDEX|SENSEX,2025-11-06,80200.0,Call,BSE_FO|889417
BSE_INDEX|SENSEX,2025-11-06,80200.0,Put,BSE_FO|889667
BSE_INDEX|SENSEX,2025-11-06,80300.0,Call,BSE_FO|889071
BSE_INDEX|SENSEX,2025-11-06,80300.0,Put,BSE_FO|889372
BSE_INDEX|SENSEX,2025-11-06,80400.0,Call,BSE_FO|889492
BSE_INDEX|SENSEX,2025-11-06,80400.0,Put,BSE_FO|889032
BSE_INDEX|SENSEX,2025-11-06,80500.0,Call,BSE_FO|889181
BSE_INDEX|SENSEX,2025-11-06,80500.0,Put,BSE_FO|889461
BSE_INDEX|SENSEX,2025-11-06,80600.0,Call,BSE_FO|888901
BSE_INDEX|SENSEX,2025-11-06,80600.0,Put,BSE_FO|889144
BSE_INDEX|SENSEX,2025-11-06,80700.0,Call,BSE_FO|889250
BSE_INDEX|SENSEX,2025-11-06,80700.0,Put,BSE_FO|889522
BSE_INDEX|SENSEX,2025-11-06,80800.0,Call,BSE_FO|888942
BSE_INDEX|SENSEX,2025-11-06,80800.0,Put,BSE_FO|889218
BSE_INDEX|SENSEX,2025-11-06,80900.0,Call,BSE_FO|889322
BSE_INDEX|SENSEX,2025-11-06,80900.0,Put,BSE_FO|888918
BSE_INDEX|SENSEX,2025-11-06,81000.0,Call,BSE_FO|888845
BSE_INDEX|SENSEX,2025-11-06,81000.0,Put,BSE_FO|889637
BSE_INDEX|SENSEX,2025-11-06,81100.0,Call,BSE_FO|889741
BSE_INDEX|SENSEX,2025-11-06,81100.0,Put,BSE_FO|888808
BSE_INDEX|SENSEX,2025-11-06,81200.0,Call,BSE_FO|888911
BSE_INDEX|SENSEX,2025-11-06,81200.0,Put,BSE_FO|889716
BSE_INDEX|SENSEX,2025-11-06,81300.0,Call,BSE_FO|889783
BSE_INDEX|SENSEX,2025-11-06,81300.0,Put,BSE_FO|888877
BSE_INDEX|SENSEX,2025-11-06,81400.0,Call,BSE_FO|889530
BSE_INDEX|SENSEX,2025-11-06,81400.0,Put,BSE_FO|889767
BSE_INDEX|SENSEX,2025-11-06,81500.0,Call,BSE_FO|888735
BSE_INDEX|SENSEX,2025-11-06,81500.0,Put,BSE_FO|888935
BSE_INDEX|SENSEX,2025-11-06,81600.0,Call,BSE_FO|889606
BSE_INDEX|SENSEX,2025-11-06,81600.0,Put,BSE_FO|888708
BSE_INDEX|SENSEX,2025-11-06,81700.0,Call,BSE_FO|888786
BSE_INDEX|SENSEX,2025-11-06,81700.0,Put,BSE_FO|889570
BSE_INDEX|SENSEX,2025-11-06,81800.0,Call,BSE_FO|889684
BSE_INDEX|SENSEX,2025-11-06,81800.0,Put,BSE_FO|888767
BSE_INDEX|SENSEX,2025-11-06,81900.0,Call,BSE_FO|889399
BSE_INDEX|SENSEX,2025-11-06,81900.0,Put,BSE_FO|889646
BSE_INDEX|SENSEX,2025-11-06,82000.0,Call,BSE_FO|888880
BSE_INDEX|SENSEX,2025-11-06,82000.0,Put,BSE_FO|889107
BSE_INDEX|SENSEX,2025-11-06,82100.0,Call,BSE_FO|889246
BSE_INDEX|SENSEX,2025-11-06,82100.0,Put,BSE_FO|889505
BSE_INDEX|SENSEX,2025-11-06,82200.0,Call,BSE_FO|888938
BSE_INDEX|SENSEX,2025-11-06,82200.0,Put,BSE_FO|889205
BSE_INDEX|SENSEX,2025-11-06,82300.0,Call,BSE_FO|889308
BSE_INDEX|SENSEX,2025-11-06,82300.0,Put,BSE_FO|889588
BSE_INDEX|SENSEX,2025-11-06,82400.0,Call,BSE_FO|889007
BSE_INDEX|SENSEX,2025-11-06,82400.0,Put,BSE_FO|889273
BSE_INDEX|SENSEX,2025-11-06,82500.0,Call,BSE_FO|889418
BSE_INDEX|SENSEX,2025-11-06,82500.0,Put,BSE_FO|888971
BSE_INDEX|SENSEX,2025-11-06,82600.0,Call,BSE_FO|889074
BSE_INDEX|SENSEX,2025-11-06,82600.0,Put,BSE_FO|889374
BSE_INDEX|SENSEX,2025-11-06,82700.0,Call,BSE_FO|888823
BSE_INDEX|SENSEX,2025-11-06,82700.0,Put,BSE_FO|889033
BSE_INDEX|SENSEX,2025-11-06,82800.0,Call,BSE_FO|889183
BSE_INDEX|SENSEX,2025-11-06,82800.0,Put,BSE_FO|889466
BSE_INDEX|SENSEX,2025-11-06,82900.0,Call,BSE_FO|888902
BSE_INDEX|SENSEX,2025-11-06,82900.0,Put,BSE_FO|889146
BSE_INDEX|SENSEX,2025-11-06,83000.0,Call,BSE_FO|889593
BSE_INDEX|SENSEX,2025-11-06,83000.0,Put,BSE_FO|888688
BSE_INDEX|SENSEX,2025-11-06,83100.0,Call,BSE_FO|888780
BSE_INDEX|SENSEX,2025-11-06,83100.0,Put,BSE_FO|888994
BSE_INDEX|SENSEX,2025-11-06,83200.0,Call,BSE_FO|889673
BSE_INDEX|SENSEX,2025-11-06,83200.0,Put,BSE_FO|888756
BSE_INDEX|SENSEX,2025-11-06,83300.0,Call,BSE_FO|888846
BSE_INDEX|SENSEX,2025-11-06,83300.0,Put,BSE_FO|889638
BSE_INDEX|SENSEX,2025-11-06,83400.0,Call,BSE_FO|889744
BSE_INDEX|SENSEX,2025-11-06,83400.0,Put,BSE_FO|888809
BSE_INDEX|SENSEX,2025-11-06,83500.0,Call,BSE_FO|889475
BSE_INDEX|SENSEX,2025-11-06,83500.0,Put,BSE_FO|889719
BSE_INDEX|SENSEX,2025-11-06,83600.0,Call,BSE_FO|889787
BSE_INDEX|SENSEX,2025-11-06,83600.0,Put,BSE_FO|888878
BSE_INDEX|SENSEX,2025-11-06,83700.0,Call,BSE_FO|889537
BSE_INDEX|SENSEX,2025-11-06,83700.0,Put,BSE_FO|889769
BSE_INDEX|SENSEX,2025-11-06,83800.0,Call,BSE_FO|888741
BSE_INDEX|SENSEX,2025-11-06,83800.0,Put,BSE_FO|889493
BSE_INDEX|SENSEX,2025-11-06,83900.0,Call,BSE_FO|889608
BSE_INDEX|SENSEX,2025-11-06,83900.0,Put,BSE_FO|888710
BSE_INDEX|SENSEX,2025-11-06,84000.0,Call,BSE_FO|889061
BSE_INDEX|SENSEX,2025-11-06,84000.0,Put,BSE_FO|889350
BSE_INDEX|SENSEX,2025-11-06,84100.0,Call,BSE_FO|889486
BSE_INDEX|SENSEX,2025-11-06,84100.0,Put,BSE_FO|889020
BSE_INDEX|SENSEX,2025-11-06,84200.0,Call,BSE_FO|889163
BSE_INDEX|SENSEX,2025-11-06,84200.0,Put,BSE_FO|889455
BSE_INDEX|SENSEX,2025-11-06,84300.0,Call,BSE_FO|888885
BSE_INDEX|SENSEX,2025-11-06,84300.0,Put,BSE_FO|889112
BSE_INDEX|SENSEX,2025-11-06,84400.0,Call,BSE_FO|889247
BSE_INDEX|SENSEX,2025-11-06,84400.0,Put,BSE_FO|889508
BSE_INDEX|SENSEX,2025-11-06,84500.0,Call,BSE_FO|888940
BSE_INDEX|SENSEX,2025-11-06,84500.0,Put,BSE_FO|889207
BSE_INDEX|SENSEX,2025-11-06,84600.0,Call,BSE_FO|889314
BSE_INDEX|SENSEX,2025-11-06,84600.0,Put,BSE_FO|888912
BSE_INDEX|SENSEX,2025-11-06,84700.0,Call,BSE_FO|889009
BSE_INDEX|SENSEX,2025-11-06,84700.0,Put,BSE_FO|889274
BSE_INDEX|SENSEX,2025-11-06,84800.0,Call,BSE_FO|888770
BSE_INDEX|SENSEX,2025-11-06,84800.0,Put,BSE_FO|888972
BSE_INDEX|SENSEX,2025-11-06,84900.0,Call,BSE_FO|889075
BSE_INDEX|SENSEX,2025-11-06,84900.0,Put,BSE_FO|889377
BSE_INDEX|SENSEX,2025-11-06,85000.0,Call,BSE_FO|889775
BSE_INDEX|SENSEX,2025-11-06,85000.0,Put,BSE_FO|888862
BSE_INDEX|SENSEX,2025-11-06,85100.0,Call,BSE_FO|889524
BSE_INDEX|SENSEX,2025-11-06,85100.0,Put,BSE_FO|889756
BSE_INDEX|SENSEX,2025-11-06,85200.0,Call,BSE_FO|888723
BSE_INDEX|SENSEX,2025-11-06,85200.0,Put,BSE_FO|888929
BSE_INDEX|SENSEX,2025-11-06,85300.0,Call,BSE_FO|889596
BSE_INDEX|SENSEX,2025-11-06,85300.0,Put,BSE_FO|888689
BSE_INDEX|SENSEX,2025-11-06,85400.0,Call,BSE_FO|888782
BSE_INDEX|SENSEX,2025-11-06,85400.0,Put,BSE_FO|889561
BSE_INDEX|SENSEX,2025-11-06,85500.0,Call,BSE_FO|889678
BSE_INDEX|SENSEX,2025-11-06,85500.0,Put,BSE_FO|888758
BSE_INDEX|SENSEX,2025-11-06,85600.0,Call,BSE_FO|889386
BSE_INDEX|SENSEX,2025-11-06,85600.0,Put,BSE_FO|889640
BSE_INDEX|SENSEX,2025-11-06,85700.0,Call,BSE_FO|889745
BSE_INDEX|SENSEX,2025-11-06,85700.0,Put,BSE_FO|888810
BSE_INDEX|SENSEX,2025-11-06,85800.0,Call,BSE_FO|889476
BSE_INDEX|SENSEX,2025-11-06,85800.0,Put,BSE_FO|889722
BSE_INDEX|SENSEX,2025-11-06,85900.0,Call,BSE_FO|889788
BSE_INDEX|SENSEX,2025-11-06,85900.0,Put,BSE_FO|889425
BSE_INDEX|SENSEX,2025-11-06,86000.0,Call,BSE_FO|889299
BSE_INDEX|SENSEX,2025-11-06,86000.0,Put,BSE_FO|889579
BSE_INDEX|SENSEX,2025-11-06,86100.0,Call,BSE_FO|888995
BSE_INDEX|SENSEX,2025-11-06,86100.0,Put,BSE_FO|889265
BSE_INDEX|SENSEX,2025-11-06,86200.0,Call,BSE_FO|889410
BSE_INDEX|SENSEX,2025-11-06,86200.0,Put,BSE_FO|888965
BSE_INDEX|SENSEX,2025-11-06,86300.0,Call,BSE_FO|889062
BSE_INDEX|SENSEX,2025-11-06,86300.0,Put,BSE_FO|889351
BSE_INDEX|SENSEX,2025-11-06,86400.0,Call,BSE_FO|888813
BSE_INDEX|SENSEX,2025-11-06,86400.0,Put,BSE_FO|889023
BSE_INDEX|SENSEX,2025-11-06,86500.0,Call,BSE_FO|889166
BSE_INDEX|SENSEX,2025-11-06,86500.0,Put,BSE_FO|889458
BSE_INDEX|SENSEX,2025-11-06,86600.0,Call,BSE_FO|888886
BSE_INDEX|SENSEX,2025-11-06,86600.0,Put,BSE_FO|889114
BSE_INDEX|SENSEX,2025-11-06,86700.0,Call,BSE_FO|889248
BSE_INDEX|SENSEX,2025-11-06,86700.0,Put,BSE_FO|888848
BSE_INDEX|SENSEX,2025-11-06,86800.0,Call,BSE_FO|888941
BSE_INDEX|SENSEX,2025-11-06,86800.0,Put,BSE_FO|889209
BSE_INDEX|SENSEX,2025-11-06,86900.0,Call,BSE_FO|888715
BSE_INDEX|SENSEX,2025-11-06,86900.0,Put,BSE_FO|888917
BSE_INDEX|SENSEX,2025-11-06,87000.0,Call,BSE_FO|888843
BSE_INDEX|SENSEX,2025-11-06,87000.0,Put,BSE_FO|889632
BSE_INDEX|SENSEX,2025-11-06,87100.0,Call,BSE_FO|889733
BSE_INDEX|SENSEX,2025-11-06,87100.0,Put,BSE_FO|888801
BSE_INDEX|SENSEX,2025-11-06,87200.0,Call,BSE_FO|889469
BSE_INDEX|SENSEX,2025-11-06,87200.0,Put,BSE_FO|889708
BSE_INDEX|SENSEX,2025-11-06,87300.0,Call,BSE_FO|889780
BSE_INDEX|SENSEX,2025-11-06,87300.0,Put,BSE_FO|888864
BSE_INDEX|SENSEX,2025-11-06,87400.0,Call,BSE_FO|889525
BSE_INDEX|SENSEX,2025-11-06,87400.0,Put,BSE_FO|889762
BSE_INDEX|SENSEX,2025-11-06,87500.0,Call,BSE_FO|888726
BSE_INDEX|SENSEX,2025-11-06,87500.0,Put,BSE_FO|889488
BSE_INDEX|SENSEX,2025-11-06,87600.0,Call,BSE_FO|889597
BSE_INDEX|SENSEX,2025-11-06,87600.0,Put,BSE_FO|888690
BSE_INDEX|SENSEX,2025-11-06,87700.0,Call,BSE_FO|889278
BSE_INDEX|SENSEX,2025-11-06,87700.0,Put,BSE_FO|889564
BSE_INDEX|SENSEX,2025-11-06,87800.0,Call,BSE_FO|889680
BSE_INDEX|SENSEX,2025-11-06,87800.0,Put,BSE_FO|888766
BSE_INDEX|SENSEX,2025-11-06,87900.0,Call,BSE_FO|889388
BSE_INDEX|SENSEX,2025-11-06,87900.0,Put,BSE_FO|889645
BSE_INDEX|SENSEX,2025-11-06,88000.0,Call,BSE_FO|888879
BSE_INDEX|SENSEX,2025-11-06,88000.0,Put,BSE_FO|889102
BSE_INDEX|SENSEX,2025-11-06,88100.0,Call,BSE_FO|889245
BSE_INDEX|SENSEX,2025-11-06,88100.0,Put,BSE_FO|889500
BSE_INDEX|SENSEX,2025-11-06,88200.0,Call,BSE_FO|888936
BSE_INDEX|SENSEX,2025-11-06,88200.0,Put,BSE_FO|889196
BSE_INDEX|SENSEX,2025-11-06,88300.0,Call,BSE_FO|889301
BSE_INDEX|SENSEX,2025-11-06,88300.0,Put,BSE_FO|888910
BSE_INDEX|SENSEX,2025-11-06,88400.0,Call,BSE_FO|888998
BSE_INDEX|SENSEX,2025-11-06,88400.0,Put,BSE_FO|889266
BSE_INDEX|SENSEX,2025-11-06,88500.0,Call,BSE_FO|888768
BSE_INDEX|SENSEX,2025-11-06,88500.0,Put,BSE_FO|888966
BSE_INDEX|SENSEX,2025-11-06,88600.0,Call,BSE_FO|889067
BSE_INDEX|SENSEX,2025-11-06,88600.0,Put,BSE_FO|889354
BSE_INDEX|SENSEX,2025-11-06,88700.0,Call,BSE_FO|888816
BSE_INDEX|SENSEX,2025-11-06,88700.0,Put,BSE_FO|889024
BSE_INDEX|SENSEX,2025-11-06,88800.0,Call,BSE_FO|889168
BSE_INDEX|SENSEX,2025-11-06,88800.0,Put,BSE_FO|888785
BSE_INDEX|SENSEX,2025-11-06,88900.0,Call,BSE_FO|888887
BSE_INDEX|SENSEX,2025-11-06,88900.0,Put,BSE_FO|889115
BSE_INDEX|SENSEX,2025-11-06,89000.0,Call,BSE_FO|889590
BSE_INDEX|SENSEX,2025-11-06,89000.0,Put,BSE_FO|888683
BSE_INDEX|SENSEX,2025-11-06,89100.0,Call,BSE_FO|888778
BSE_INDEX|SENSEX,2025-11-06,89100.0,Put,BSE_FO|889556
BSE_INDEX|SENSEX,2025-11-06,89200.0,Call,BSE_FO|889670
BSE_INDEX|SENSEX,2025-11-06,89200.0,Put,BSE_FO|888750
BSE_INDEX|SENSEX,2025-11-06,89300.0,Call,BSE_FO|889379
BSE_INDEX|SENSEX,2025-11-06,89300.0,Put,BSE_FO|889635
BSE_INDEX|SENSEX,2025-11-06,89400.0,Call,BSE_FO|889736
BSE_INDEX|SENSEX,2025-11-06,89400.0,Put,BSE_FO|888802
BSE_INDEX|SENSEX,2025-11-06,89500.0,Call,BSE_FO|889471
BSE_INDEX|SENSEX,2025-11-06,89500.0,Put,BSE_FO|889710
BSE_INDEX|SENSEX,2025-11-06,89600.0,Call,BSE_FO|889782
BSE_INDEX|SENSEX,2025-11-06,89600.0,Put,BSE_FO|889413
BSE_INDEX|SENSEX,2025-11-06,89700.0,Call,BSE_FO|889527
BSE_INDEX|SENSEX,2025-11-06,89700.0,Put,BSE_FO|889764
BSE_INDEX|SENSEX,2025-11-06,89800.0,Call,BSE_FO|889219
BSE_INDEX|SENSEX,2025-11-06,89800.0,Put,BSE_FO|889491
BSE_INDEX|SENSEX,2025-11-06,89900.0,Call,BSE_FO|889603
BSE_INDEX|SENSEX,2025-11-06,89900.0,Put,BSE_FO|888692
BSE_INDEX|SENSEX,2025-11-06,90000.0,Call,BSE_FO|889326
BSE_INDEX|SENSEX,2025-11-06,90000.0,Put,BSE_FO|889604
BSE_INDEX|SENSEX,2025-11-06,90100.0,Call,BSE_FO|889013
BSE_INDEX|SENSEX,2025-11-06,90100.0,Put,BSE_FO|889280
BSE_INDEX|SENSEX,2025-11-06,90200.0,Call,BSE_FO|889434
BSE_INDEX|SENSEX,2025-11-06,90200.0,Put,BSE_FO|889681
BSE_INDEX|SENSEX,2025-11-06,90300.0,Call,BSE_FO|889086
BSE_INDEX|SENSEX,2025-11-06,90300.0,Put,BSE_FO|889389
BSE_INDEX|SENSEX,2025-11-06,90400.0,Call,BSE_FO|889497
BSE_INDEX|SENSEX,2025-11-06,90400.0,Put,BSE_FO|889044
BSE_INDEX|SENSEX,2025-11-06,90500.0,Call,BSE_FO|889191
BSE_INDEX|SENSEX,2025-11-06,90500.0,Put,BSE_FO|889477
BSE_INDEX|SENSEX,2025-11-06,90600.0,Call,BSE_FO|1133033
BSE_INDEX|SENSEX,2025-11-06,90600.0,Put,BSE_FO|1132748
BSE_INDEX|SENSEX,2025-11-06,90700.0,Call,BSE_FO|1132834
BSE_INDEX|SENSEX,2025-11-06,90700.0,Put,BSE_FO|1133007
BSE_INDEX|SENSEX,2025-11-06,90800.0,Call,BSE_FO|1132640
BSE_INDEX|SENSEX,2025-11-06,90800.0,Put,BSE_FO|1132797
BSE_INDEX|SENSEX,2025-11-06,90900.0,Call,BSE_FO|1132886
BSE_INDEX|SENSEX,2025-11-06,90900.0,Put,BSE_FO|1133055
BSE_INDEX|SENSEX,2025-11-06,91000.0,Call,BSE_FO|1132558
BSE_INDEX|SENSEX,2025-11-06,91000.0,Put,BSE_FO|1132716
BSE_INDEX|SENSEX,2025-11-06,91100.0,Call,BSE_FO|1133536
BSE_INDEX|SENSEX,2025-11-06,91100.0,Put,BSE_FO|1133285
BSE_INDEX|SENSEX,2025-11-06,91200.0,Call,BSE_FO|1133319
BSE_INDEX|SENSEX,2025-11-06,91200.0,Put,BSE_FO|1133523
BSE_INDEX|SENSEX,2025-11-06,91300.0,Call,BSE_FO|1133555
BSE_INDEX|SENSEX,2025-11-06,91300.0,Put,BSE_FO|1133305
BSE_INDEX|SENSEX,2025-11-06,91400.0,Call,BSE_FO|1133475
BSE_INDEX|SENSEX,2025-11-06,91400.0,Put,BSE_FO|1133546
BSE_INDEX|SENSEX,2025-11-06,91500.0,Call,BSE_FO|1133240
BSE_INDEX|SENSEX,2025-11-06,91500.0,Put,BSE_FO|1133336
BSE_INDEX|SENSEX,2025-11-06,91600.0,Call,BSE_FO|1133978
BSE_INDEX|SENSEX,2025-11-06,91600.0,Put,BSE_FO|1133581
BSE_INDEX|SENSEX,2025-11-06,91700.0,Call,BSE_FO|1133637
BSE_INDEX|SENSEX,2025-11-06,91700.0,Put,BSE_FO|1133742
BSE_INDEX|SENSEX,2025-11-06,91800.0,Call,BSE_FO|1134011
BSE_INDEX|SENSEX,2025-11-06,91800.0,Put,BSE_FO|1133625
BSE_INDEX|SENSEX,2025-11-06,91900.0,Call,BSE_FO|1133667
BSE_INDEX|SENSEX,2025-11-06,91900.0,Put,BSE_FO|1133995
BSE_INDEX|SENSEX,2025-11-06,92000.0,Call,BSE_FO|1134703
BSE_INDEX|SENSEX,2025-11-06,92000.0,Put,BSE_FO|1134471
BSE_INDEX|SENSEX,2025-11-06,92100.0,Call,BSE_FO|1134531
BSE_INDEX|SENSEX,2025-11-06,92100.0,Put,BSE_FO|1134679
BSE_INDEX|SENSEX,2025-11-06,92200.0,Call,BSE_FO|1135171
BSE_INDEX|SENSEX,2025-11-06,92200.0,Put,BSE_FO|1135260
BSE_INDEX|SENSEX,2025-11-06,92300.0,Call,BSE_FO|1135404
BSE_INDEX|SENSEX,2025-11-06,92300.0,Put,BSE_FO|1135670
BSE_INDEX|SENSEX,2025-11-06,92400.0,Call,BSE_FO|1136511
BSE_INDEX|SENSEX,2025-11-06,92400.0,Put,BSE_FO|1136670
BSE_INDEX|SENSEX,2025-11-06,92500.0,Call,BSE_FO|1136753
BSE_INDEX|SENSEX,2025-11-06,92500.0,Put,BSE_FO|1136990
